Attendance,AssignmentScore,MidtermScore,FinalScore,Result
83.96,71.88,52.01,43.52,Pass
76.34,63.56,68.18,45.62,Pass
85.77,71.83,55.16,100.0,Pass
96.28,78.15,60.11,60.01,Pass
75.19,70.73,95.12,75.64,Pass
75.19,70.61,89.13,44.18,Fail
96.95,59.47,41.61,44.4,Fail
87.21,60.06,79.94,81.64,Pass
72.37,48.96,79.61,33.01,Pass
84.51,96.24,44.33,51.7,Pass
72.44,51.34,79.74,60.68,Pass
72.41,59.61,92.68,62.23,Pass
80.9,59.22,44.79,56.42,Pass
55.04,83.42,48.48,67.92,Fail
57.3,65.58,83.32,73.86,Pass
71.25,88.72,69.89,74.69,Pass
65.85,59.9,74.93,40.28,Pass
81.77,74.18,71.13,54.32,Pass
67.1,57.47,72.03,83.9,Pass
61.05,100.0,41.12,77.89,Pass
95.59,52.19,83.85,32.54,Pass
75.29,74.65,86.05,67.03,Pass
78.81,79.51,60.87,20.44,Fail
60.9,76.21,64.22,60.94,Pass
71.47,67.22,37.44,97.96,Pass
79.33,68.05,74.26,41.04,Pass
64.19,70.66,75.3,43.31,Pass
82.51,67.79,63.88,75.28,Pass
70.79,84.46,85.24,29.14,Pass
74.5,100.0,58.99,47.34,Pass
70.78,61.64,75.16,71.93,Pass
100.0,49.45,46.65,47.31,Fail
77.84,68.68,64.58,55.28,Pass
65.31,100.0,61.86,74.88,Pass
87.87,57.94,69.06,68.43,Pass
63.35,94.59,58.35,65.34,Pass
80.51,95.17,62.63,53.22,Pass
54.48,61.7,79.87,67.4,Pass
62.06,78.53,57.14,57.53,Pass
80.36,94.43,36.08,69.16,Pass
86.86,64.31,96.49,50.06,Pass
80.06,66.95,89.87,56.35,Pass
76.61,61.27,41.74,40.2,Fail
74.39,54.78,77.41,59.3,Pass
60.26,60.26,55.95,43.78,Fail
69.36,51.64,69.74,37.72,Fail
72.47,70.51,70.3,65.17,Fail
90.69,58.45,60.78,64.25,Pass
82.12,73.51,50.89,75.66,Pass
56.84,46.66,52.57,51.38,Fail
81.89,74.96,48.51,68.16,Fail
73.38,82.5,50.03,71.02,Pass
69.88,40.09,63.79,68.9,Pass
85.34,75.61,52.12,43.49,Pass
90.37,88.42,77.28,62.99,Pass
89.18,51.86,91.77,67.28,Pass
67.93,95.09,54.56,60.14,Pass
74.29,76.29,69.31,18.27,Fail
81.98,59.42,73.99,63.21,Pass
89.71,69.16,73.5,100.0,Pass
72.25,78.37,66.37,52.8,Pass
75.77,71.14,78.37,45.44,Pass
64.72,78.08,73.68,67.47,Pass
63.65,56.19,42.72,66.25,Fail
87.75,72.54,80.64,83.85,Pass
94.27,48.79,80.97,34.84,Fail
77.14,68.33,51.26,74.63,Pass
90.04,56.44,65.68,71.81,Pass
82.34,58.97,77.3,57.16,Pass
70.26,88.54,61.23,66.77,Pass
82.34,86.37,84.31,80.59,Pass
96.46,79.14,100.0,77.45,Pass
77.57,53.62,50.85,37.14,Fail
96.78,65.25,40.14,76.4,Pass
46.56,88.2,70.47,58.71,Pass
87.86,72.13,77.99,61.46,Pass
79.04,100.0,60.84,61.46,Pass
74.41,75.9,91.16,57.0,Pass
79.1,72.88,40.91,83.83,Pass
54.15,65.36,77.47,58.33,Pass
75.36,72.0,54.09,37.61,Pass
82.29,67.71,95.95,52.13,Pass
95.73,80.62,100.0,63.57,Pass
71.78,84.35,51.2,84.58,Pass
68.3,58.21,55.11,72.06,Pass
71.98,50.03,80.47,42.99,Fail
88.98,42.46,58.03,100.0,Pass
81.95,77.62,64.18,65.3,Pass
71.64,53.45,65.46,85.51,Pass
84.16,37.71,30.45,56.97,Fail
79.16,75.83,64.75,70.67,Pass
89.62,100.0,52.58,76.79,Pass
69.58,69.91,56.12,84.36,Pass
74.07,82.58,90.99,81.15,Pass
73.29,71.23,42.38,77.44,Pass
60.44,68.52,79.64,53.7,Pass
81.55,83.79,59.98,48.57,Fail
81.13,65.65,59.96,66.65,Pass
78.06,74.01,79.23,78.66,Pass
75.18,74.83,71.12,55.55,Pass
61.02,59.98,75.27,81.3,Pass
72.95,84.88,82.43,89.05,Pass
73.89,67.38,59.04,41.67,Fail
68.37,58.66,53.98,43.26,Fail
76.06,78.05,45.47,57.19,Pass
82.85,56.52,50.14,66.15,Pass
100.0,70.42,100.0,49.51,Pass
80.09,69.86,87.4,87.04,Pass
81.09,86.29,40.68,68.48,Pass
77.11,77.12,41.2,60.79,Fail
54.97,69.62,73.67,31.28,Fail
77.68,82.27,74.85,33.68,Pass
78.72,90.85,74.88,65.62,Pass
100.0,78.37,60.41,17.35,Fail
75.69,70.16,62.74,80.25,Pass
81.62,50.32,70.9,56.84,Pass
77.58,54.02,66.55,100.0,Pass
63.98,65.42,25.05,100.0,Pass
91.71,60.86,60.86,56.37,Pass
87.02,67.2,49.67,57.87,Pass
87.49,70.85,68.15,79.91,Pass
67.09,77.95,100.0,94.06,Pass
94.83,68.94,71.61,27.24,Pass
61.18,77.3,59.36,24.27,Fail
85.04,70.97,81.59,47.56,Pass
100.0,40.37,73.69,71.65,Pass
66.11,55.91,72.56,69.94,Pass
71.2,67.84,75.92,81.4,Pass
79.2,51.85,100.0,36.01,Fail
71.96,79.0,44.64,13.68,Fail
59.39,92.96,73.53,77.16,Pass
78.82,88.28,48.33,43.44,Fail
65.25,66.8,75.0,19.63,Fail
83.68,92.36,48.46,62.9,Pass
66.97,72.23,57.49,75.86,Pass
96.6,64.94,59.69,57.56,Pass
68.6,60.8,82.56,50.84,Pass
74.14,65.46,81.53,56.81,Pass
87.76,64.18,42.58,52.59,Pass
63.23,72.56,65.99,33.04,Fail
80.73,72.41,52.23,45.71,Pass
93.69,70.05,42.35,70.43,Pass
58.71,76.55,61.09,66.43,Pass
80.22,87.86,59.45,63.36,Pass
81.12,84.24,100.0,40.1,Pass
87.38,47.73,72.79,56.37,Pass
63.16,31.69,40.2,16.46,Fail
62.15,84.01,54.83,63.57,Fail
84.26,49.5,83.38,88.58,Pass
81.56,66.63,100.0,30.52,Pass
81.01,52.45,36.45,48.28,Fail
82.16,42.97,31.16,66.58,Pass
69.84,78.12,98.68,85.06,Pass
80.79,81.39,72.01,51.04,Pass
81.52,61.35,49.37,46.15,Fail
69.43,31.13,74.62,20.62,Fail
100.0,61.81,17.56,62.07,Fail
83.69,75.88,65.06,100.0,Pass
63.7,47.82,70.9,65.55,Pass
85.88,72.75,81.64,59.55,Pass
66.3,69.77,46.75,66.44,Pass
87.45,78.69,66.54,59.78,Pass
91.9,71.79,48.34,43.74,Fail
68.15,55.4,69.6,76.47,Pass
89.56,87.95,48.88,64.52,Pass
82.95,67.62,57.65,60.35,Pass
87.86,69.59,47.08,40.49,Fail
100.0,56.0,76.72,86.07,Pass
75.06,63.35,80.45,73.29,Pass
68.96,56.73,60.78,48.94,Pass
67.33,67.41,65.69,80.04,Pass
68.21,95.68,38.93,50.05,Fail
77.07,49.42,59.61,44.36,Fail
82.09,45.8,64.1,44.81,Fail
81.32,92.07,100.0,24.58,Pass
87.93,66.86,44.98,69.43,Fail
78.16,59.96,91.36,23.38,Pass
95.44,85.6,82.94,35.43,Pass
74.82,60.92,70.05,18.49,Fail
100.0,97.39,96.66,58.28,Pass
85.51,80.17,71.7,56.99,Pass
67.71,62.68,72.0,53.47,Pass
65.15,100.0,64.04,39.15,Pass
83.79,60.91,87.02,36.56,Pass
75.32,81.13,84.74,69.29,Pass
86.57,74.49,53.74,48.99,Pass
83.68,89.53,41.25,66.33,Pass
77.13,93.42,61.35,42.3,Pass
67.84,70.48,50.6,63.62,Pass
59.82,58.7,63.86,86.07,Pass
72.64,76.9,87.27,71.72,Pass
88.28,59.83,56.77,51.75,Pass
80.57,100.0,64.23,65.14,Pass
63.05,72.05,66.04,55.19,Pass
80.08,64.52,80.27,60.16,Pass
82.62,72.77,24.56,53.49,Fail
67.39,49.79,54.08,56.71,Pass
79.84,55.43,68.8,64.24,Pass
78.7,88.01,86.6,40.13,Pass
64.28,60.15,56.15,39.68,Fail
82.29,54.3,31.22,32.23,Fail
84.73,78.05,76.15,27.99,Fail
91.0,87.79,53.56,35.65,Fail
90.65,80.78,43.59,63.19,Pass
61.47,84.94,53.76,42.14,Pass
66.75,58.65,61.68,70.27,Fail
84.18,48.67,54.11,60.69,Pass
84.17,92.52,25.3,20.63,Fail
84.18,65.16,81.15,73.1,Pass
100.0,66.24,87.95,76.22,Pass
84.85,89.92,76.73,40.12,Pass
91.63,78.34,44.52,68.4,Pass
89.45,76.84,61.37,42.87,Pass
85.82,100.0,64.88,61.95,Pass
74.22,60.35,75.78,34.71,Fail
87.11,83.92,77.03,24.14,Fail
68.73,70.86,51.78,52.34,Fail
75.16,74.03,66.48,57.53,Pass
72.18,92.93,73.23,52.05,Pass
78.98,77.62,91.2,36.32,Pass
100.0,78.07,77.68,52.0,Pass
55.59,86.09,79.2,65.39,Pass
86.24,64.53,66.51,59.1,Pass
58.65,57.41,90.39,63.65,Pass
72.34,54.33,72.38,46.6,Pass
91.07,40.5,49.5,83.43,Pass
78.77,100.0,90.26,36.48,Pass
65.07,53.45,77.56,69.75,Pass
69.42,66.68,57.03,83.64,Pass
86.16,65.85,56.37,69.62,Pass
69.24,74.61,70.34,55.95,Fail
80.6,82.24,73.34,49.43,Pass
78.55,82.91,68.55,80.72,Pass
70.18,61.25,70.6,31.54,Fail
100.0,67.49,95.6,40.6,Pass
85.61,74.24,84.29,52.05,Pass
53.7,66.27,68.43,84.75,Pass
80.24,94.11,81.94,67.6,Pass
70.06,77.36,46.41,40.64,Pass
88.23,81.02,72.16,53.79,Pass
68.49,79.94,97.57,47.71,Pass
76.62,87.6,61.08,45.8,Fail
84.06,72.72,49.74,79.58,Pass
88.39,50.55,53.26,32.57,Fail
63.6,76.0,45.39,92.18,Pass
73.99,60.23,50.87,76.56,Pass
72.3,62.07,58.33,81.82,Fail
70.16,78.8,39.7,50.74,Fail
99.19,88.57,65.28,57.0,Pass
82.86,70.32,81.24,31.34,Pass
62.87,74.63,48.66,49.51,Pass
89.01,95.53,92.35,69.87,Pass
100.0,73.61,74.19,85.92,Pass
90.39,100.0,83.55,37.86,Pass
59.77,78.48,53.16,52.69,Fail
72.19,43.59,80.38,56.97,Fail
93.2,81.3,45.35,32.08,Pass
69.51,75.72,81.02,71.83,Pass
83.33,89.35,68.09,45.52,Pass
87.3,80.1,74.96,56.09,Pass
66.88,67.92,43.84,50.96,Fail
77.29,51.64,48.89,44.21,Fail
39.1,66.86,75.75,59.86,Fail
65.71,57.24,47.93,55.69,Fail
74.97,61.29,73.34,52.56,Pass
63.03,78.83,40.39,45.43,Fail
97.59,95.05,80.27,66.39,Pass
60.84,75.92,42.81,93.07,Pass
72.72,52.06,74.94,62.8,Pass
79.57,76.67,76.26,79.92,Pass
95.3,87.95,52.46,32.2,Fail
60.77,60.85,75.48,63.16,Pass
91.96,67.99,69.69,38.05,Pass
78.12,70.22,55.3,30.46,Fail
66.22,58.23,46.85,45.21,Fail
83.55,79.72,29.67,83.84,Pass
80.39,68.19,71.29,79.0,Pass
70.8,76.29,36.83,64.86,Pass
78.84,56.69,66.72,29.35,Fail
73.38,63.44,60.26,56.07,Pass
79.36,80.84,77.22,66.03,Pass
85.95,64.41,59.56,63.51,Pass
97.03,95.9,59.07,23.12,Pass
63.15,64.01,78.17,42.19,Fail
100.0,73.37,71.03,58.72,Pass
54.57,83.99,70.69,70.73,Pass
76.18,48.72,73.45,16.08,Fail
85.06,43.59,37.36,56.76,Fail
81.37,47.12,78.62,62.86,Pass
70.53,88.94,76.02,76.99,Pass
75.5,61.72,46.7,73.86,Fail
72.08,100.0,60.61,71.65,Pass
70.93,61.54,64.29,44.0,Fail
88.2,72.77,62.58,21.84,Pass
82.28,93.13,71.01,52.14,Pass
69.69,100.0,90.76,80.03,Pass
88.8,100.0,84.47,87.87,Pass
81.69,88.13,41.38,74.21,Pass
87.75,85.36,76.2,68.59,Pass
85.56,78.89,88.92,67.59,Pass
68.05,81.68,71.96,48.88,Pass
71.28,61.73,84.64,57.4,Pass
86.97,57.73,100.0,93.38,Pass
85.32,69.95,83.43,41.15,Pass
77.75,67.45,69.49,92.3,Pass
79.41,63.2,83.81,53.56,Pass
93.33,80.45,67.61,86.51,Pass
70.9,84.33,65.43,31.86,Fail
84.57,71.33,58.67,71.72,Pass
75.57,92.16,93.14,45.26,Pass
75.39,52.87,50.27,31.69,Fail
91.19,67.1,92.58,64.37,Pass
87.9,59.25,74.0,80.19,Pass
87.76,42.0,39.81,43.1,Fail
93.67,68.76,71.62,30.02,Pass
78.25,68.17,27.2,58.16,Fail
86.18,92.7,76.26,58.25,Pass
74.28,79.46,80.93,70.97,Pass
81.89,54.64,54.34,78.99,Pass
76.44,97.81,67.22,58.81,Pass
79.16,88.32,100.0,97.11,Pass
85.14,78.73,55.9,64.48,Pass
68.18,66.6,45.94,53.07,Fail
100.0,55.61,91.67,27.77,Pass
65.93,64.42,100.0,54.75,Pass
63.43,86.33,65.07,53.27,Pass
91.9,98.27,83.21,79.21,Pass
87.5,93.15,89.15,69.25,Pass
85.49,62.67,51.64,36.41,Fail
85.54,53.21,56.26,63.45,Pass
77.85,72.11,87.16,73.43,Pass
67.23,43.47,95.33,90.56,Pass
78.91,74.85,75.13,77.75,Pass
69.87,67.79,49.16,75.22,Pass
89.7,63.01,100.0,61.2,Pass
76.24,46.08,55.44,67.77,Pass
68.09,77.7,58.97,84.99,Pass
74.14,62.01,71.16,33.34,Pass
82.96,52.45,92.97,53.01,Pass
71.24,26.92,80.37,44.55,Fail
68.13,69.59,72.47,67.58,Pass
80.92,96.58,73.34,84.6,Pass
80.94,94.92,65.78,48.06,Pass
71.92,63.14,75.05,12.19,Fail
72.35,60.97,19.47,51.76,Fail
80.78,77.03,59.66,78.27,Pass
60.62,55.02,69.34,70.75,Pass
61.11,74.53,44.28,68.56,Pass
69.38,81.49,71.95,54.4,Pass
75.44,88.4,61.32,34.42,Pass
81.73,68.5,96.6,70.31,Pass
95.7,66.94,93.31,43.31,Pass
88.29,56.83,56.62,100.0,Pass
76.08,57.6,62.28,71.41,Pass
77.77,66.6,63.67,48.39,Fail
65.97,75.51,56.87,47.77,Fail
77.78,83.7,68.51,58.14,Pass
74.54,57.95,51.35,55.21,Pass
81.87,92.39,44.65,82.34,Pass
68.07,65.93,76.21,63.73,Pass
84.23,69.68,76.33,45.37,Pass
96.39,58.79,50.52,97.81,Pass
76.69,33.64,81.12,60.99,Pass
82.82,83.26,53.63,75.38,Pass
86.28,81.05,69.56,47.84,Pass
73.19,65.78,79.77,67.26,Pass
80.69,71.0,64.39,66.22,Pass
78.15,77.74,73.19,22.21,Fail
79.17,46.56,55.7,100.0,Pass
68.72,62.06,61.46,85.81,Pass
78.29,81.91,61.29,52.06,Pass
83.98,51.19,51.56,37.95,Fail
95.41,74.4,61.82,66.95,Pass
89.51,49.65,37.12,61.73,Fail
100.0,77.0,56.16,67.11,Pass
68.79,69.47,59.87,63.83,Pass
88.47,45.77,60.39,70.12,Fail
80.2,87.47,60.65,88.95,Pass
100.0,58.98,63.89,71.36,Pass
68.3,57.85,73.63,39.01,Fail
67.92,73.01,80.74,87.25,Pass
70.81,87.23,53.3,92.81,Pass
52.51,54.76,43.34,100.0,Pass
71.69,70.93,46.24,37.53,Fail
68.89,76.43,56.23,64.86,Pass
79.8,80.4,58.67,18.36,Fail
82.1,72.65,51.14,71.06,Pass
100.0,64.49,41.67,49.04,Pass
89.41,57.59,56.79,98.47,Pass
71.08,71.29,68.27,44.51,Pass
67.22,53.92,75.71,26.22,Fail
83.9,26.18,54.97,50.57,Fail
62.16,76.55,57.57,20.49,Fail
99.98,83.56,48.32,75.02,Pass
92.15,34.56,64.43,18.7,Fail
72.37,54.85,49.73,60.57,Fail
57.44,79.29,75.32,18.44,Fail
94.25,100.0,32.85,53.59,Pass
76.63,70.31,58.53,92.87,Pass
92.85,59.08,70.42,67.21,Pass
58.87,67.26,68.31,42.73,Fail
70.81,90.62,100.0,59.38,Pass
78.06,60.31,71.3,60.36,Pass
78.56,58.01,46.93,69.45,Pass
72.6,62.76,63.28,32.66,Pass
85.47,55.7,33.03,71.85,Pass
65.19,71.84,63.55,5.91,Fail
76.29,94.37,50.0,47.4,Pass
79.44,74.85,81.48,50.23,Pass
84.17,66.21,55.11,72.67,Pass
86.54,65.62,62.9,60.45,Pass
64.5,46.55,53.56,31.89,Fail
59.59,83.25,96.3,40.3,Pass
93.33,68.83,59.22,63.97,Pass
81.99,67.29,97.99,58.42,Pass
69.02,100.0,79.65,48.42,Pass
96.61,74.48,73.68,50.38,Pass
79.39,58.72,71.64,73.92,Pass
92.15,63.6,72.09,49.65,Pass
78.81,87.23,30.3,58.24,Fail
100.0,71.7,59.98,100.0,Pass
99.06,48.43,80.21,31.53,Pass
75.01,83.79,64.12,22.96,Fail
89.66,59.98,39.71,75.67,Pass
85.74,98.1,64.06,46.43,Pass
94.42,86.2,95.67,53.64,Pass
66.42,63.29,87.44,44.38,Pass
86.23,89.22,63.88,54.8,Pass
90.7,71.02,82.13,91.97,Pass
56.9,82.79,58.4,76.04,Pass
63.8,77.27,34.33,77.24,Pass
53.53,57.3,48.36,31.68,Fail
74.77,60.35,93.13,36.98,Fail
86.61,85.45,60.07,3.22,Fail
96.03,64.98,60.62,43.81,Pass
78.89,63.95,59.6,79.13,Pass
97.54,55.67,99.27,70.34,Pass
61.44,76.35,94.27,55.57,Pass
57.56,100.0,100.0,59.55,Pass
77.33,53.99,62.14,46.22,Pass
82.61,70.36,70.32,64.1,Pass
77.61,91.18,37.7,75.32,Pass
53.19,68.81,91.58,27.68,Pass
76.93,76.79,43.98,65.99,Pass
62.35,54.06,68.9,78.65,Pass
86.04,76.42,45.25,51.7,Pass
82.4,67.19,54.4,74.01,Pass
66.72,84.79,49.93,100.0,Pass
71.83,87.81,54.06,57.91,Pass
65.29,100.0,55.3,67.87,Pass
77.25,78.69,55.13,45.24,Fail
89.46,74.89,80.0,63.63,Pass
66.17,72.92,45.11,69.21,Pass
84.05,64.7,68.97,63.9,Pass
71.64,75.08,86.92,39.61,Pass
68.49,65.57,55.76,64.13,Fail
76.72,72.53,52.08,89.24,Pass
65.58,89.76,60.85,68.97,Pass
71.36,54.9,86.24,79.24,Pass
63.63,87.1,68.49,55.26,Pass
100.0,89.76,55.44,75.0,Pass
78.42,68.23,73.71,65.59,Pass
69.6,38.17,45.16,40.98,Fail
80.57,60.88,77.26,66.37,Pass
76.65,89.45,72.35,40.17,Pass
75.35,69.66,59.46,47.34,Fail
85.37,55.01,49.91,63.79,Pass
87.09,62.43,49.04,65.94,Pass
71.63,82.61,74.63,36.22,Fail
71.09,78.2,87.12,81.08,Pass
74.7,66.42,53.53,71.44,Pass
50.38,64.5,73.25,45.91,Pass
59.82,64.12,27.43,29.25,Fail
94.4,56.16,54.48,57.1,Pass
97.74,94.23,64.44,51.08,Pass
75.01,65.17,48.63,62.26,Pass
84.92,88.26,48.14,52.74,Fail
81.74,92.82,52.98,19.85,Fail
100.0,84.97,70.26,52.23,Pass
91.43,63.53,61.63,53.89,Pass
76.46,76.06,24.71,72.67,Fail
66.53,69.64,26.83,46.04,Fail
58.72,56.44,54.08,93.57,Pass
80.44,74.87,73.24,21.77,Fail
68.92,52.31,15.54,86.22,Pass
60.93,87.82,56.0,55.51,Pass
70.24,63.03,55.53,77.19,Pass
65.02,73.02,89.99,61.6,Pass
98.25,74.25,58.07,82.79,Pass
88.58,66.12,71.89,52.25,Pass
77.9,78.8,67.54,38.03,Pass
95.76,62.88,26.65,88.41,Pass
78.93,83.07,78.83,57.73,Pass
67.66,49.81,68.88,64.43,Fail
96.28,71.9,74.15,84.7,Pass
84.47,99.08,100.0,39.36,Pass
65.55,55.0,27.49,71.91,Fail
75.72,59.83,96.04,48.2,Pass
67.49,77.71,59.83,57.36,Pass
61.41,72.69,70.17,61.45,Pass
89.11,75.26,64.18,30.0,Fail
100.0,77.34,57.36,44.42,Pass
61.22,79.52,54.74,87.02,Pass
84.76,86.65,70.93,77.72,Pass
70.19,76.15,37.69,58.75,Fail
72.15,66.38,78.51,64.86,Pass
70.89,80.09,57.51,54.12,Pass
67.63,98.5,44.66,87.13,Pass
78.58,68.01,56.9,55.99,Fail
68.03,55.38,87.63,64.64,Pass
81.25,86.61,55.36,82.92,Pass
77.4,68.19,71.45,44.45,Pass
75.13,37.41,51.84,91.18,Pass
67.11,82.71,78.64,29.39,Pass
71.08,61.97,77.34,92.59,Pass
87.06,68.64,98.27,52.55,Pass
84.01,74.98,61.84,55.15,Fail
66.27,72.86,77.04,22.2,Fail
79.19,80.64,66.77,50.9,Pass
87.02,63.47,88.33,39.2,Pass
57.97,77.7,52.06,47.85,Fail
84.52,66.11,78.41,57.25,Pass
70.05,81.08,61.5,79.16,Pass
84.85,79.23,63.84,64.15,Pass
68.84,55.97,66.65,66.15,Pass
56.34,86.29,69.54,38.09,Fail
58.47,61.96,62.91,42.38,Fail
78.58,82.12,68.86,95.97,Pass
81.12,75.51,93.41,45.3,Pass
67.15,97.57,82.74,93.12,Pass
85.66,66.65,80.64,55.14,Pass
58.06,64.76,56.8,60.05,Fail
77.21,69.71,48.99,81.41,Pass
63.47,65.45,82.2,85.44,Pass
70.18,82.0,80.77,57.78,Pass
78.57,45.76,91.51,52.24,Pass
67.68,54.19,54.13,58.88,Fail
73.39,53.98,60.87,66.76,Pass
90.08,84.25,35.49,77.83,Pass
71.08,95.66,57.94,60.08,Pass
88.03,68.43,82.94,72.38,Pass
64.44,67.47,56.6,92.77,Pass
84.36,71.05,76.53,67.63,Pass
95.3,87.43,61.57,66.23,Pass
48.34,56.09,70.83,29.62,Fail
68.44,73.58,44.34,7.39,Fail
84.92,84.63,66.53,67.77,Pass
75.56,77.52,11.16,58.1,Fail
82.45,72.84,61.64,49.7,Fail
70.75,85.02,35.65,64.87,Pass
79.04,29.45,86.71,58.79,Pass
76.13,80.17,78.99,82.56,Pass
92.01,60.19,73.4,61.72,Pass
81.05,42.54,92.38,45.06,Pass
82.05,77.67,47.92,79.8,Pass
73.06,90.6,96.45,55.66,Pass
72.15,67.94,81.78,70.53,Pass
72.81,84.29,60.74,50.45,Fail
82.73,94.18,85.44,47.0,Pass
72.95,89.72,45.09,61.68,Pass
81.48,94.6,50.16,60.26,Pass
100.0,81.13,54.05,69.6,Pass
88.45,71.13,55.48,54.63,Pass
74.09,45.97,45.98,23.27,Fail
92.41,66.31,87.02,51.34,Pass
73.1,57.35,60.34,75.88,Pass
53.54,100.0,71.35,54.05,Pass
65.9,67.36,54.73,55.07,Fail
55.55,71.85,32.23,79.73,Fail
73.78,78.27,69.86,45.76,Pass
78.22,70.65,30.58,29.14,Fail
98.12,95.43,63.76,56.79,Pass
81.92,60.66,40.37,50.32,Fail
75.37,72.92,100.0,40.68,Pass
87.95,58.86,81.4,56.49,Pass
51.47,50.2,66.9,69.83,Pass
80.83,60.82,87.75,59.81,Pass
87.25,69.44,49.77,66.14,Fail
60.26,63.56,74.78,96.27,Pass
91.73,59.61,68.6,53.14,Pass
82.06,48.91,69.75,65.57,Pass
73.02,68.75,87.9,49.82,Pass
85.59,47.43,78.18,43.07,Fail
100.0,81.4,70.2,48.3,Pass
80.18,71.24,35.21,50.42,Pass
80.98,48.14,47.72,67.19,Pass
72.49,65.36,62.79,100.0,Pass
67.8,58.72,66.68,45.68,Fail
87.96,74.79,44.66,51.67,Fail
67.73,90.11,100.0,58.74,Pass
78.86,41.87,92.3,67.92,Pass
72.27,71.73,75.84,65.27,Pass
83.75,67.6,66.3,85.68,Pass
82.0,80.07,61.18,11.47,Fail
90.45,73.2,47.87,12.26,Fail
71.88,58.72,66.39,50.08,Pass
74.76,65.21,69.64,81.95,Pass
66.25,58.06,42.65,28.69,Fail
72.67,86.14,71.02,0.0,Fail
82.53,70.32,62.21,71.42,Pass
87.08,98.52,30.66,64.87,Pass
66.93,69.09,49.51,38.2,Fail
88.44,59.37,57.56,40.29,Pass
94.27,47.29,98.98,40.61,Pass
82.96,42.95,75.02,62.21,Pass
100.0,46.24,40.96,47.47,Fail
68.71,74.01,73.75,69.88,Pass
63.06,77.63,37.15,2.91,Fail
56.66,46.28,84.49,42.86,Fail
95.95,83.43,56.52,37.48,Pass
85.85,62.75,63.31,54.87,Pass
77.33,72.2,88.86,49.24,Pass
81.36,94.18,41.83,75.96,Pass
64.49,83.45,39.85,22.81,Fail
100.0,65.97,54.5,60.91,Pass
79.55,56.63,83.69,71.17,Pass
79.31,37.72,37.65,97.13,Pass
86.71,59.21,14.02,50.36,Fail
83.77,66.83,56.88,66.49,Pass
80.69,55.19,74.93,23.92,Fail
68.51,68.03,86.6,12.16,Fail
83.66,71.15,56.66,76.9,Pass
100.0,66.63,57.59,59.89,Pass
94.15,60.25,85.77,83.57,Pass
97.12,72.53,31.34,32.53,Fail
71.87,76.63,58.01,70.4,Pass
66.12,53.64,68.43,97.38,Pass
76.49,91.16,73.09,68.39,Pass
78.67,68.52,55.82,65.53,Pass
91.13,70.28,65.62,60.17,Pass
57.69,80.62,20.21,28.58,Fail
96.35,73.5,53.15,87.11,Pass
76.1,84.3,73.16,47.78,Pass
72.88,74.31,47.32,70.09,Pass
65.85,60.81,66.06,28.74,Fail
58.14,75.42,73.04,36.41,Fail
87.88,52.84,58.83,88.7,Pass
78.88,71.63,68.07,53.05,Pass
62.52,69.5,47.67,89.07,Pass
62.46,66.88,61.28,58.44,Pass
73.97,68.07,75.98,23.16,Fail
98.03,41.77,67.83,77.84,Pass
74.88,61.77,54.44,48.2,Fail
59.96,71.39,69.04,73.97,Pass
75.05,72.4,77.86,60.5,Pass
74.73,54.58,28.1,29.14,Fail
45.64,88.99,85.86,63.29,Pass
77.35,57.01,58.95,100.0,Pass
75.23,84.54,72.66,69.86,Pass
86.35,76.41,86.55,58.85,Pass
100.0,60.31,40.31,81.51,Pass
91.52,96.63,52.23,64.21,Pass
74.77,52.1,59.81,64.19,Pass
64.72,83.79,50.89,38.17,Fail
100.0,85.01,96.23,64.68,Pass
78.71,59.94,49.58,80.71,Pass
78.17,90.89,55.0,43.28,Fail
77.71,66.25,68.68,88.49,Pass
80.38,74.33,43.36,58.17,Fail
76.27,73.9,57.88,42.24,Fail
71.12,67.99,70.71,79.95,Pass
71.44,82.16,59.01,54.26,Pass
77.61,81.9,63.32,75.19,Pass
71.48,43.77,55.47,54.16,Fail
69.45,89.57,37.74,58.8,Fail
79.28,45.06,70.79,69.87,Pass
74.94,85.49,96.59,65.82,Pass
96.05,86.9,65.33,20.09,Pass
46.19,53.64,69.05,37.58,Fail
91.1,63.84,77.47,78.59,Pass
92.95,53.41,42.15,57.36,Pass
53.12,66.78,95.65,49.53,Pass
73.89,65.38,68.64,32.83,Fail
73.54,81.69,94.37,38.41,Pass
61.11,89.65,51.81,19.56,Fail
68.67,90.94,97.73,57.97,Pass
64.67,61.57,78.95,48.03,Pass
99.03,66.86,74.95,40.67,Pass
89.23,44.75,69.21,58.64,Pass
93.26,57.91,60.53,67.28,Pass
86.66,84.47,86.61,100.0,Pass
64.45,94.23,67.53,29.76,Pass
71.71,51.48,29.59,83.19,Pass
83.87,61.11,44.89,79.46,Pass
63.33,69.6,61.65,44.42,Fail
86.56,74.2,70.58,64.06,Pass
75.12,57.86,63.98,50.85,Pass
73.5,76.36,86.94,63.71,Pass
86.53,62.89,29.88,90.18,Pass
83.33,69.78,67.58,72.11,Pass
73.67,78.19,32.28,70.17,Pass
91.91,70.1,78.67,51.39,Pass
65.03,63.45,63.3,30.32,Fail
85.39,68.36,72.55,55.83,Pass
85.12,68.67,49.45,84.13,Pass
74.29,64.45,88.03,29.46,Fail
81.91,66.12,83.75,38.9,Pass
62.99,93.98,75.5,62.53,Pass
89.09,78.41,62.67,40.31,Fail
75.78,65.57,75.44,44.15,Pass
71.73,80.45,52.28,51.53,Pass
90.59,64.99,80.4,32.69,Pass
69.55,87.6,94.69,40.52,Pass
61.1,75.54,84.27,74.07,Pass
59.32,68.39,51.87,33.85,Fail
85.27,76.72,71.51,28.04,Pass
62.63,46.44,41.72,47.4,Fail
99.06,53.1,75.3,74.64,Pass
53.02,52.09,73.11,56.06,Fail
98.36,72.14,31.34,50.71,Fail
80.53,95.99,44.09,60.89,Pass
76.84,100.0,59.9,25.09,Pass
71.46,79.57,59.58,69.89,Pass
82.79,77.51,43.23,67.67,Pass
77.55,42.98,72.0,51.81,Pass
91.24,61.86,69.53,80.12,Pass
79.37,58.18,61.5,37.45,Fail
79.8,60.69,51.4,82.56,Pass
73.64,67.48,83.88,63.09,Pass
77.32,62.92,94.8,53.27,Pass
81.69,40.31,56.3,59.6,Fail
57.48,81.22,53.98,57.85,Fail
61.82,53.91,73.84,84.41,Pass
86.92,73.59,58.56,38.47,Fail
80.05,100.0,62.49,44.75,Pass
75.79,56.21,78.31,80.73,Pass
78.22,32.05,30.63,48.09,Fail
82.17,65.71,88.73,78.01,Pass
71.52,86.51,66.31,93.99,Pass
68.66,99.38,57.59,51.96,Pass
80.35,51.56,63.39,73.63,Pass
66.26,77.45,64.32,36.93,Fail
82.9,63.02,33.84,75.09,Pass
57.57,68.41,91.91,63.99,Pass
90.35,100.0,65.74,69.46,Pass
83.67,47.46,72.97,47.09,Pass
81.07,73.81,82.13,26.78,Fail
89.79,77.02,46.62,70.07,Pass
97.99,86.29,73.52,18.73,Fail
90.17,71.47,60.18,53.65,Pass
55.91,74.62,80.24,78.82,Pass
62.65,64.13,26.71,63.84,Pass
70.5,74.04,63.22,98.97,Pass
78.31,64.85,54.15,80.5,Pass
84.21,79.32,72.78,46.92,Pass
69.29,64.46,73.46,60.55,Fail
80.24,75.66,52.26,59.05,Pass
68.94,69.56,52.18,28.36,Fail
70.66,86.89,63.01,41.19,Fail
61.12,69.23,48.86,48.78,Pass
66.92,43.4,80.16,19.28,Fail
61.78,88.93,58.35,60.95,Pass
66.29,56.41,12.67,55.02,Fail
90.64,60.19,58.25,26.54,Fail
66.61,61.07,46.31,68.08,Pass
100.0,90.62,35.64,74.32,Pass
83.92,37.96,42.73,64.54,Fail
80.22,100.0,66.97,53.52,Pass
67.7,85.84,88.92,71.83,Pass
86.4,73.35,70.64,73.6,Pass
71.09,69.18,54.08,66.15,Fail
79.46,74.28,73.21,43.51,Pass
100.0,77.82,56.74,65.53,Pass
76.85,79.68,52.5,83.91,Pass
91.79,78.33,44.22,48.07,Pass
69.56,71.34,33.47,100.0,Pass
77.58,67.04,57.98,49.49,Pass
99.25,67.73,67.84,60.65,Pass
70.48,67.08,63.26,46.55,Pass
99.75,87.01,57.51,64.47,Pass
86.49,78.9,47.98,25.16,Fail
71.25,25.89,75.95,49.08,Fail
85.59,79.84,41.29,38.16,Fail
89.67,72.92,78.97,62.71,Pass
85.46,69.72,46.96,79.89,Pass
59.16,64.17,51.46,72.92,Fail
69.27,86.86,38.6,12.57,Fail
75.03,84.21,55.97,100.0,Pass
77.11,58.41,82.56,65.91,Pass
85.45,76.11,74.28,44.47,Pass
80.13,55.43,82.61,63.14,Pass
61.98,49.31,74.4,63.52,Pass
82.56,60.6,45.13,46.66,Pass
85.33,82.94,59.05,63.96,Pass
84.72,84.3,50.96,47.85,Pass
90.97,77.7,88.95,51.91,Pass
88.01,80.88,43.46,46.27,Fail
83.51,77.74,81.09,31.35,Fail
77.16,60.38,81.07,62.92,Pass
58.07,76.48,97.93,71.71,Pass
83.16,82.01,57.63,70.3,Pass
80.49,81.31,77.82,76.4,Pass
81.26,87.83,100.0,66.49,Pass
62.68,80.62,53.88,49.35,Pass
65.03,75.27,37.37,76.79,Pass
90.64,86.05,31.16,32.85,Fail
77.53,69.6,77.83,41.99,Pass
86.18,56.77,31.1,40.72,Fail
78.34,67.55,58.3,81.6,Pass
78.36,58.83,72.87,78.86,Pass
89.26,59.87,68.33,69.75,Pass
71.81,67.83,72.66,81.44,Pass
79.15,58.11,69.0,42.41,Fail
72.45,65.38,88.02,66.97,Pass
72.79,41.6,47.86,57.5,Fail
74.29,73.2,52.81,76.94,Pass
80.67,70.02,51.09,57.7,Fail
72.26,57.74,79.94,52.3,Pass
93.07,79.89,81.21,70.82,Pass
67.26,84.06,73.12,77.52,Pass
75.76,45.89,86.3,46.63,Pass
72.72,58.56,43.8,58.78,Pass
95.36,58.46,95.01,38.83,Pass
80.36,55.9,92.42,10.04,Fail
90.38,82.44,78.24,64.01,Pass
60.17,67.09,97.07,72.18,Pass
81.2,66.03,35.18,65.24,Pass
88.68,39.94,55.56,21.01,Fail
78.99,79.53,51.76,52.98,Pass
90.79,51.41,77.99,15.63,Fail
71.79,70.9,46.1,87.39,Pass
94.91,74.16,78.63,38.28,Fail
100.0,90.41,89.67,85.11,Pass
73.65,50.37,77.51,78.92,Pass
72.65,24.71,70.11,41.99,Pass
95.44,72.76,47.22,37.34,Fail
96.95,97.01,49.76,67.01,Pass
71.73,88.58,87.49,43.11,Pass
72.96,73.14,79.03,62.05,Pass
74.62,62.63,64.3,50.34,Pass
61.87,82.11,57.48,24.38,Fail
66.98,55.4,28.54,15.39,Fail
65.95,77.15,45.72,64.53,Pass
68.79,77.58,99.41,48.77,Pass
77.58,85.9,41.95,48.94,Fail
80.81,100.0,68.41,73.92,Pass
96.61,75.89,83.13,83.47,Pass
66.02,62.37,42.41,54.55,Fail
89.81,69.62,68.32,53.19,Pass
75.43,43.46,81.88,70.0,Pass
77.41,59.58,65.22,32.86,Fail
86.1,63.86,100.0,64.46,Pass
64.53,62.14,34.97,71.04,Fail
82.59,72.29,84.06,73.6,Pass
80.0,57.66,61.89,21.26,Fail
83.91,86.82,78.89,44.77,Pass
81.47,70.0,72.94,42.43,Pass
100.0,69.86,51.8,62.0,Pass
70.35,65.08,69.12,69.61,Pass
71.63,72.33,31.56,89.93,Pass
70.52,82.38,75.86,50.1,Pass
71.33,56.99,70.37,50.05,Pass
70.35,60.13,76.5,82.99,Pass
92.27,65.44,84.05,65.93,Pass
95.05,49.81,71.62,85.35,Pass
71.15,57.71,67.67,65.77,Pass
68.01,62.86,49.14,36.86,Fail
83.66,83.12,52.18,33.34,Fail
71.37,73.94,86.36,28.97,Pass
85.6,72.9,90.85,73.24,Pass
80.44,82.76,60.71,83.77,Pass
59.81,67.94,65.83,96.99,Pass
96.57,75.86,48.72,76.86,Pass
99.55,68.45,86.11,83.26,Pass
70.65,73.98,76.98,48.4,Pass
73.35,61.26,99.94,36.87,Fail
81.43,33.42,49.19,77.0,Pass
82.01,67.99,58.2,68.35,Pass
85.9,91.34,69.17,62.15,Pass
100.0,83.89,76.64,67.75,Pass
75.88,84.48,61.12,66.46,Pass
68.42,88.54,49.29,85.68,Pass
61.45,71.33,80.87,85.9,Pass
69.23,72.96,77.98,70.88,Pass
77.6,60.74,48.51,76.92,Pass
99.53,65.26,89.4,70.28,Pass
71.79,79.24,86.06,50.78,Pass
80.69,88.06,67.42,75.13,Pass
77.8,67.91,66.43,32.11,Fail
92.26,63.25,74.97,81.08,Pass
100.0,70.01,49.49,36.11,Fail
71.63,79.02,65.54,65.72,Pass
72.13,48.34,26.26,43.1,Fail
90.53,35.56,80.78,71.07,Pass
86.18,61.74,36.89,59.32,Fail
100.0,51.69,92.06,28.1,Fail
85.01,62.38,59.06,68.41,Pass
73.69,67.78,61.19,48.44,Fail
85.09,63.2,53.7,77.62,Pass
91.3,91.79,59.82,60.03,Pass
87.85,74.9,90.53,67.91,Pass
84.09,74.51,20.22,40.85,Fail
90.8,79.33,87.99,48.21,Pass
92.03,52.92,71.08,50.83,Fail
94.59,85.59,43.27,77.13,Pass
85.78,68.86,45.64,93.55,Pass
75.99,80.06,95.18,43.9,Pass
79.76,53.92,47.98,81.54,Pass
92.48,46.69,44.24,16.61,Fail
68.2,82.27,85.47,36.12,Pass
82.42,75.65,71.09,40.82,Pass
73.28,56.47,48.12,32.95,Fail
78.34,56.96,68.9,28.33,Fail
93.34,86.88,46.54,68.26,Pass
80.29,52.16,84.81,55.72,Pass
78.56,94.64,84.1,67.59,Pass
61.68,56.49,74.58,73.81,Pass
86.96,79.58,71.51,65.31,Pass
85.75,65.07,96.7,73.16,Pass
100.0,79.05,64.99,58.61,Pass
74.31,61.84,43.73,36.26,Fail
80.63,67.56,73.09,81.16,Pass
80.99,70.61,100.0,48.22,Pass
96.93,54.97,46.73,41.29,Fail
76.86,81.11,58.49,56.44,Pass
81.35,62.3,72.5,41.74,Fail
85.29,66.57,64.03,51.65,Pass
80.24,55.08,47.32,66.88,Pass
72.64,31.56,85.19,66.97,Pass
80.33,67.13,100.0,42.04,Fail
90.88,100.0,68.53,50.25,Pass
65.68,81.77,48.73,81.49,Pass
79.6,69.71,37.12,69.93,Fail
69.6,66.06,69.64,100.0,Pass
92.34,70.34,84.87,83.6,Pass
59.72,78.21,73.55,82.89,Pass
71.29,52.29,64.96,32.24,Fail
82.53,86.71,54.39,75.28,Pass
96.79,80.73,45.34,58.94,Pass
77.21,80.77,80.03,48.98,Pass
71.34,76.58,81.45,63.36,Pass
100.0,70.29,37.18,78.9,Pass
60.62,80.09,93.62,70.02,Pass
51.61,78.88,75.33,42.43,Fail
83.28,64.69,90.19,74.85,Pass
71.98,61.4,40.84,47.25,Fail
65.75,71.53,40.42,64.33,Pass
86.5,93.24,62.32,53.93,Pass
80.93,51.41,74.05,55.62,Pass
71.23,47.99,97.33,75.32,Pass
62.64,72.47,77.71,39.2,Pass
88.47,70.76,60.63,98.9,Pass
85.8,72.6,46.53,23.58,Fail
76.81,73.66,87.14,48.05,Pass
100.0,66.65,47.64,67.4,Fail
65.16,92.35,94.31,71.69,Pass
59.69,45.99,59.88,57.99,Fail
69.7,57.57,93.63,58.85,Pass
77.45,68.45,77.22,68.21,Pass
80.92,45.35,62.53,55.38,Fail
75.11,67.36,55.65,87.86,Pass
82.22,94.92,58.86,76.79,Pass
62.98,70.31,72.71,77.46,Pass
95.33,73.46,66.39,40.68,Fail
77.01,51.1,54.31,58.41,Fail
91.41,60.75,62.02,53.99,Fail
82.11,64.37,66.41,39.89,Pass
83.48,65.23,26.68,67.2,Fail
84.84,89.22,73.25,49.25,Pass
83.37,78.37,47.37,73.11,Pass
85.71,53.33,44.24,38.6,Fail
93.95,73.7,34.63,94.38,Pass
80.36,77.47,32.71,42.07,Fail
86.51,87.1,40.6,64.39,Pass
76.92,93.71,52.24,75.84,Pass
95.28,54.77,100.0,48.59,Pass
69.88,57.84,55.53,77.05,Pass
99.61,51.14,68.2,35.42,Fail
77.52,66.49,72.21,89.04,Pass
60.83,77.0,67.36,60.28,Fail
79.54,84.81,63.61,48.07,Pass
69.83,68.86,43.48,54.02,Fail
88.09,65.2,91.12,76.18,Pass
70.17,72.28,97.53,48.31,Pass
72.65,57.47,34.71,45.01,Fail
55.33,100.0,46.57,55.57,Fail
72.57,45.89,59.96,36.46,Fail
48.91,72.77,47.64,96.41,Pass
58.99,100.0,74.11,48.67,Pass
87.12,70.1,51.89,76.63,Pass
87.43,67.15,100.0,64.19,Pass
83.11,64.64,86.43,40.31,Pass
66.4,67.29,68.83,59.88,Pass
77.43,90.59,83.49,75.68,Pass
77.96,36.82,84.91,56.23,Pass
64.1,93.0,54.85,83.86,Pass
96.04,48.64,50.31,80.43,Pass
88.53,66.0,66.41,78.38,Pass
75.35,63.56,80.51,50.81,Fail
78.32,78.83,67.5,38.4,Pass
80.5,46.03,36.61,47.73,Fail
53.5,76.93,50.55,63.92,Fail
75.03,100.0,63.67,70.92,Pass
69.82,49.55,63.64,16.57,Fail
65.98,72.85,100.0,59.84,Pass
74.63,60.07,40.05,63.16,Fail
99.57,76.39,74.1,54.45,Pass
85.69,70.29,91.8,85.83,Pass
71.15,60.38,100.0,68.44,Pass
84.87,77.32,57.72,86.2,Pass
94.79,97.07,73.85,55.68,Pass
89.1,67.14,75.26,78.75,Pass
78.72,80.8,68.52,92.7,Pass
70.24,50.6,63.22,86.23,Pass
86.38,55.65,72.85,38.16,Pass
82.72,77.09,19.42,54.93,Fail
88.74,92.26,77.28,53.1,Pass
85.62,75.33,67.27,69.79,Pass
90.59,65.3,61.0,73.73,Pass
71.58,69.99,100.0,43.22,Pass
93.81,51.24,52.85,61.36,Pass
80.37,79.07,57.74,19.6,Pass
100.0,83.23,100.0,88.84,Pass
69.73,63.22,50.02,49.75,Fail
98.83,62.95,55.1,61.12,Fail
80.37,73.99,62.35,53.81,Pass
70.18,63.45,80.13,82.92,Pass
72.19,69.01,68.74,3.25,Fail
74.16,100.0,41.73,59.67,Fail
83.09,66.29,55.42,57.88,Pass
84.27,64.62,54.07,50.93,Pass
71.12,60.29,63.61,94.52,Pass
77.71,81.16,72.67,42.25,Fail
100.0,67.28,72.53,75.44,Pass
98.73,60.26,33.03,67.13,Pass
83.24,89.82,84.15,85.23,Pass
78.46,91.29,69.55,46.66,Pass
79.44,60.99,89.92,45.34,Pass
85.36,42.0,73.0,81.92,Pass
65.73,85.11,84.82,68.51,Pass
74.91,59.73,73.4,29.1,Fail
57.98,81.86,89.23,49.21,Pass
82.79,40.45,74.4,67.73,Pass
85.77,83.39,63.24,76.76,Pass
72.2,51.83,100.0,46.42,Pass
96.89,80.96,81.0,1.71,Fail
63.29,70.21,75.33,70.46,Pass
60.43,55.69,42.03,35.59,Fail
80.69,63.89,41.81,19.65,Fail
90.57,80.29,70.27,3.35,Fail
98.21,71.59,67.62,76.28,Pass
72.49,78.77,53.95,62.57,Fail
90.94,99.65,67.54,55.49,Pass
77.54,46.54,93.6,87.78,Pass
75.93,94.26,77.52,72.75,Pass
88.6,71.57,44.46,92.33,Pass
85.83,56.52,62.99,32.15,Pass
59.08,50.05,50.51,59.31,Fail
95.72,67.16,58.02,27.67,Fail
94.56,83.82,57.55,55.41,Pass
70.49,68.09,56.4,55.03,Pass
82.75,92.67,42.41,72.53,Pass
83.93,48.23,62.7,60.91,Pass
81.13,69.82,54.91,72.47,Pass
71.4,51.21,12.27,74.07,Fail
69.94,75.45,100.0,100.0,Pass
77.69,83.3,84.6,53.69,Pass
92.07,63.69,58.23,41.18,Fail
84.52,30.94,65.34,64.92,Pass
73.55,72.98,43.91,43.95,Fail
87.26,76.55,95.52,89.64,Pass
43.82,76.06,99.15,54.34,Pass
91.79,88.54,67.82,48.69,Pass
57.12,53.93,83.42,50.57,Fail
73.65,80.2,68.16,74.37,Pass
64.56,87.89,40.94,56.85,Fail
62.46,43.32,57.59,47.17,Fail
91.93,74.79,67.37,93.31,Pass
72.39,62.44,56.82,42.88,Fail
82.16,68.78,61.06,60.71,Pass
77.44,75.22,63.35,73.05,Pass
83.72,62.69,63.54,27.37,Fail
78.92,59.86,65.94,69.61,Pass
62.6,70.51,45.91,38.9,Fail
89.96,53.69,52.09,76.46,Pass
72.07,53.71,41.88,40.75,Fail
59.32,80.19,82.6,73.86,Pass
72.86,52.77,27.1,82.12,Pass
96.01,79.99,85.76,77.23,Pass
88.2,76.94,89.95,65.03,Pass
73.82,44.11,59.56,55.37,Fail
73.81,59.84,18.14,48.47,Fail
74.14,87.91,58.5,89.42,Pass
100.0,55.28,63.84,46.01,Fail
82.58,63.03,46.81,39.26,Fail
83.16,76.93,55.73,73.31,Pass
90.36,81.75,92.54,44.08,Pass
80.87,66.23,76.97,41.0,Fail
74.89,61.04,48.36,31.13,Fail
75.64,91.34,36.24,50.34,Fail
77.14,96.08,59.11,58.35,Pass
77.55,84.68,61.16,64.86,Pass
86.73,71.28,73.93,79.03,Pass
78.62,57.88,55.36,70.54,Fail
86.79,57.54,74.21,56.18,Pass
77.03,77.84,99.83,56.04,Pass
78.94,76.28,79.68,70.2,Pass
54.02,91.02,64.13,85.45,Pass
89.0,79.76,61.7,62.53,Pass
82.16,47.45,58.58,50.62,Pass
89.98,85.78,86.25,40.14,Pass
43.24,55.03,53.71,31.1,Fail
100.0,64.24,65.81,73.33,Pass
76.32,73.75,65.92,71.56,Pass
91.3,99.94,55.97,71.55,Pass
65.52,100.0,40.3,57.43,Pass
85.35,79.1,70.81,88.14,Pass
65.36,67.25,63.9,50.32,Fail
70.51,78.02,74.0,79.11,Pass
100.0,83.31,55.4,59.23,Pass
75.71,65.19,86.97,47.83,Pass
80.61,96.93,49.22,71.85,Pass
88.44,73.45,95.82,68.19,Pass
83.95,77.47,33.54,67.14,Pass
79.81,79.99,72.83,61.63,Pass
82.38,76.32,73.56,59.24,Pass
100.0,82.58,50.68,100.0,Pass
77.31,60.74,72.64,83.69,Pass
80.41,61.63,88.03,74.46,Pass
90.61,53.5,25.1,62.24,Fail
91.27,76.59,74.05,80.14,Pass
92.24,81.68,20.12,70.36,Pass
85.66,76.87,47.62,60.52,Pass
64.28,95.12,94.32,53.93,Pass
97.6,69.92,54.53,58.38,Fail
64.24,80.03,43.87,0.0,Fail
81.63,53.62,61.44,64.21,Pass
68.95,64.19,100.0,50.23,Pass
77.23,80.43,32.03,91.85,Pass
81.95,82.74,46.08,60.39,Pass
81.86,65.59,91.95,36.22,Pass
83.06,68.93,98.44,59.0,Pass
97.36,47.23,63.14,39.08,Fail
83.44,64.64,42.7,69.47,Fail
75.07,83.36,100.0,65.82,Pass
89.57,78.63,93.7,79.16,Pass
92.27,77.51,77.22,44.18,Pass
63.27,70.75,50.38,60.68,Fail
85.17,70.11,64.12,32.7,Pass
86.41,60.1,62.11,74.03,Pass
74.43,80.48,70.96,70.38,Pass
94.51,76.31,91.12,69.92,Pass
76.2,77.38,80.83,60.03,Pass
79.51,62.11,45.61,68.3,Fail
75.92,37.7,89.78,92.09,Pass
78.19,86.46,70.64,54.3,Pass
64.84,62.82,77.37,62.77,Pass
60.72,57.06,91.4,38.28,Pass
97.13,80.4,44.99,42.63,Fail
67.84,64.12,64.36,61.96,Fail
66.1,85.9,55.43,82.08,Pass
52.16,79.26,36.78,54.87,Fail
70.33,80.25,71.24,55.28,Pass
62.12,49.51,100.0,51.86,Pass
97.7,88.18,31.88,49.3,Pass
90.12,73.92,64.42,65.9,Pass
69.74,64.46,76.53,30.05,Fail
100.0,72.15,67.22,85.62,Pass
89.78,43.36,62.96,46.69,Fail
74.1,76.13,41.61,74.44,Pass
48.01,54.56,69.19,34.6,Fail
100.0,49.71,51.38,73.38,Pass
61.33,47.16,25.58,73.44,Fail
58.26,86.69,86.5,67.68,Pass
90.27,60.56,82.25,40.11,Pass
100.0,93.01,65.93,64.99,Pass
94.61,61.96,69.12,36.34,Pass
84.77,44.39,84.34,54.94,Pass
85.14,53.25,69.04,80.59,Pass
88.24,88.54,81.27,75.93,Pass
87.11,67.66,59.65,60.3,Pass
81.37,61.78,88.62,40.5,Pass
79.25,72.4,70.77,72.91,Pass
77.25,77.53,68.49,60.39,Fail
68.95,86.76,42.14,13.59,Fail
74.63,91.73,70.17,75.65,Pass
57.68,64.6,50.02,59.52,Pass
76.82,50.11,53.51,84.05,Pass
66.14,63.8,50.32,38.09,Fail
64.76,73.9,45.81,0.0,Fail
80.16,55.54,100.0,65.58,Pass
94.7,55.64,88.96,65.83,Pass
89.02,75.16,99.57,26.19,Pass
59.15,69.27,42.99,40.43,Fail
66.12,70.49,66.28,100.0,Pass
89.29,58.62,41.72,53.89,Fail
66.21,66.54,52.48,74.62,Pass
75.3,56.14,48.47,46.99,Fail
84.6,83.35,87.31,18.19,Pass
66.38,85.53,57.87,56.59,Pass
79.26,42.31,84.23,54.69,Pass
61.99,56.06,75.87,52.0,Pass
70.78,47.55,100.0,57.71,Pass
81.84,60.25,38.37,65.29,Pass
58.88,68.75,87.67,57.0,Pass
83.29,48.26,85.64,34.72,Pass
77.76,56.17,47.48,69.72,Pass
84.63,54.94,83.13,21.01,Fail
80.69,73.11,71.05,18.99,Fail
94.37,71.04,60.91,74.78,Pass
